{
	"info": {
		"_postman_id": "be363032-b87f-405d-94fe-440cbbb9336e",
		"name": "demo",
		"schema": "https://schema.getpostman.com/json/collection/v2.1.0/collection.json",
		"_exporter_id": "9016855",
		"_collection_link": "https://blue-escape-722032.postman.co/workspace/991189b6-737d-4f42-8aab-422b9b8a0319/collection/9016855-be363032-b87f-405d-94fe-440cbbb9336e?action=share&source=collection_link&creator=9016855"
	},
	"item": [
		{
			"name": "Booway",
			"item": [
				{
					"name": "http://localhost:9000/api/auth/register",
					"request": {
						"auth": {
							"type": "bearer",
							"bearer": [
								{
									"key": "token",
									"value": "eyJhbGciOiJIUzI1NiIsInR5cCI6IkpXVCJ9.eyJ1c2VySWQiOiI0ZmUzZDcwYS0yMDY1LTQxYWMtOTQ5Mi05ZGI3YTA2Mjk3MTIiLCJlbWFpbCI6InBAZ21haS5jb20iLCJzZXNzaW9uSWQiOiI1Y2U4ZGQxYS0zNThhLTQ3ZjctYmM0OS02MGQ1OWQxNWJiZWUiLCJpYXQiOjE3NDE3Njc4NDl9.4__4PE6822fgihGnOCDEc97gMtffJ3GxOOkbWAsZIIA",
									"type": "string"
								}
							]
						},
						"method": "PATCH",
						"header": [],
						"body": {
							"mode": "formdata",
							"formdata": [
								{
									"key": "guide_name",
									"value": "kunal ",
									"type": "text"
								},
								{
									"key": "guide_description",
									"value": "Experienced mountain guide",
									"type": "text"
								},
								{
									"key": "language",
									"value": "English,Hindi",
									"type": "text"
								},
								{
									"key": "price",
									"value": "150",
									"type": "text"
								},
								{
									"key": "description",
									"value": "exciting mountain adventure for all levels",
									"type": "text"
								},
								{
									"key": "categories",
									"value": "Outdoor",
									"type": "text",
									"disabled": true
								},
								{
									"key": "duration_of_activity",
									"value": "3 hours",
									"type": "text"
								},
								{
									"key": "level_of_activity",
									"value": "Easy",
									"type": "text"
								},
								{
									"key": "min_people",
									"value": "20",
									"type": "text"
								},
								{
									"key": "max_people",
									"value": "10",
									"type": "text"
								},
								{
									"key": "activity_include",
									"value": "Snacks, Guide, Equipment",
									"type": "text"
								},
								{
									"key": "activity_exclude",
									"value": "Accommodation",
									"type": "text"
								},
								{
									"key": "activity_highlight",
									"value": "Scenic views, Wildlife encounters",
									"type": "text"
								},
								{
									"key": "youtube_url",
									"value": "https://youtube.com/example",
									"type": "text"
								},
								{
									"key": "booking_period_start",
									"value": "2025-03-15",
									"type": "text"
								},
								{
									"key": "booking_period_end",
									"value": "2025-09-30",
									"type": "text"
								},
								{
									"key": "cancel_booking_deadline",
									"value": "2025-03-10",
									"type": "text"
								},
								{
									"key": "availability",
									"value": "2025-09-20",
									"type": "text"
								},
								{
									"key": "real_address",
									"value": "123 Mountain Road, Adventure City",
									"type": "text"
								},
								{
									"key": "map_latitude",
									"value": "37.7749",
									"type": "text"
								},
								{
									"key": "map_longitude",
									"value": "-122.4194",
									"type": "text"
								},
								{
									"key": "website",
									"value": "https://example.com",
									"type": "text"
								},
								{
									"key": "email",
									"value": "guide@example.com",
									"type": "text"
								},
								{
									"key": "phone",
									"value": "+1-234-567-8901",
									"type": "text"
								},
								{
									"key": "status",
									"value": "Active",
									"type": "text"
								},
								{
									"key": "created_by",
									"value": "PROVIDER",
									"type": "text",
									"disabled": true
								}
							]
						},
						"url": {
							"raw": "http://localhost:9000/api/admin/admin-activities-verify/f13b3c82-3a42-446b-a601-69c1fbb6738f",
							"protocol": "http",
							"host": [
								"localhost"
							],
							"port": "9000",
							"path": [
								"api",
								"admin",
								"admin-activities-verify",
								"f13b3c82-3a42-446b-a601-69c1fbb6738f"
							]
						},
						"description": "status will be change only by Admin."
					},
					"response": []
				},
				{
					"name": "http://localhost:9000/api/activity/activities-create",
					"event": [
						{
							"listen": "test",
							"script": {
								"exec": [
									"var template = `\r",
									"<style type=\"text/css\">\r",
									"    .tftable {font-size:14px;color:#333333;width:100%;border-width: 1px;border-color: #87ceeb;border-collapse: collapse;}\r",
									"    .tftable th {font-size:18px;background-color:#87ceeb;border-width: 1px;padding: 8px;border-style: solid;border-color: #87ceeb;text-align:left;}\r",
									"    .tftable tr {background-color:#ffffff;}\r",
									"    .tftable td {font-size:14px;border-width: 1px;padding: 8px;border-style: solid;border-color: #87ceeb;}\r",
									"    .tftable tr:hover {background-color:#e0ffff;}\r",
									"</style>\r",
									"\r",
									"<table class=\"tftable\" border=\"1\">\r",
									"    <tr>\r",
									"        <th>Error</th>\r",
									"    </tr>\r",
									"    <tr>\r",
									"        <td>{{response.error}}</td>\r",
									"    </tr>\r",
									"</table>\r",
									"`;\r",
									"\r",
									"function constructVisualizerPayload() {\r",
									"    return { response: pm.response.json() }\r",
									"}\r",
									"\r",
									"pm.visualizer.set(template, constructVisualizerPayload());"
								],
								"type": "text/javascript",
								"packages": {}
							}
						}
					],
					"request": {
						"auth": {
							"type": "bearer",
							"bearer": [
								{
									"key": "token",
									"value": "eyJhbGciOiJIUzI1NiIsInR5cCI6IkpXVCJ9.eyJ1c2VySWQiOiI3YTFhZDM2ZC03ZDI1LTQ0Y2UtOWFlOS01YTNjYWNkMzRmY2IiLCJlbWFpbCI6InByYWthc2hAZ21haWwuY29tIiwic2Vzc2lvbklkIjoiZTNlMWI1OGYtZWYwNy00YWVmLWI5OWQtYmUwNjk5Yzg5MzIyIiwiaWF0IjoxNzQxNzY2MTcwfQ.9a9ULZ7hDZAv0engh4Q77ZpKK_WDUjZb0M0pYxARz1Q",
									"type": "string"
								}
							]
						},
						"method": "POST",
						"header": [
							{
								"key": "Content-Type",
								"value": "multipart/form-data",
								"type": "text",
								"disabled": true
							}
						],
						"body": {
							"mode": "formdata",
							"formdata": [
								{
									"key": "",
									"value": "",
									"type": "text",
									"disabled": true
								},
								{
									"key": "guide_name",
									"value": "kunal prakash",
									"type": "text"
								},
								{
									"key": "guide_description",
									"value": "Experienced mountain guide",
									"type": "text"
								},
								{
									"key": "avatar",
									"type": "file",
									"src": "postman-cloud:///1ef71b13-9ea6-4f30-a754-ffe26a276cb7"
								},
								{
									"key": "banner_image",
									"type": "file",
									"src": "postman-cloud:///1ef71b13-9ea6-4f30-a754-ffe26a276cb7"
								},
								{
									"key": "gallery",
									"type": "file",
									"src": [
										"postman-cloud:///1eff42ba-f8cb-4520-b14d-68c296eee6c6",
										"postman-cloud:///1ef71b13-9ea6-4f30-a754-ffe26a276cb7",
										"postman-cloud:///1ef173f0-06e1-4e90-bd98-07db4158aace"
									]
								},
								{
									"key": "language",
									"value": "English,Hindi",
									"type": "text"
								},
								{
									"key": "price",
									"value": "150",
									"type": "text"
								},
								{
									"key": "description",
									"value": "exciting mountain adventure for all levels",
									"type": "text"
								},
								{
									"key": "categories",
									"value": "Outdoor",
									"type": "text"
								},
								{
									"key": "duration_of_activity",
									"value": "3 hours",
									"type": "text"
								},
								{
									"key": "level_of_activity",
									"value": "Easy",
									"type": "text"
								},
								{
									"key": "min_people",
									"value": "20",
									"type": "text"
								},
								{
									"key": "max_people",
									"value": "10",
									"type": "text"
								},
								{
									"key": "activity_include",
									"value": "Snacks, Guide, Equipment",
									"type": "text"
								},
								{
									"key": "activity_exclude",
									"value": "Accommodation",
									"type": "text"
								},
								{
									"key": "activity_highlight",
									"value": "Scenic views, Wildlife encounters",
									"type": "text"
								},
								{
									"key": "youtube_url",
									"value": "https://youtube.com/example",
									"type": "text"
								},
								{
									"key": "booking_period_start",
									"value": "2025-03-15",
									"type": "text"
								},
								{
									"key": "booking_period_end",
									"value": "2025-09-30",
									"type": "text"
								},
								{
									"key": "cancel_booking_deadline",
									"value": "2025-03-10",
									"type": "text"
								},
								{
									"key": "availability",
									"value": "2025-09-20",
									"type": "text"
								},
								{
									"key": "real_address",
									"value": "123 Mountain Road, Adventure City",
									"type": "text"
								},
								{
									"key": "map_latitude",
									"value": "37.7749",
									"type": "text"
								},
								{
									"key": "map_longitude",
									"value": "-122.4194",
									"type": "text"
								},
								{
									"key": "website",
									"value": "https://example.com",
									"type": "text"
								},
								{
									"key": "email",
									"value": "guide@example.com",
									"type": "text"
								},
								{
									"key": "phone",
									"value": "+1-234-567-8901",
									"type": "text"
								},
								{
									"key": "status",
									"value": "Active",
									"type": "text",
									"disabled": true
								},
								{
									"key": "created_by",
									"value": "PROVIDER",
									"type": "text",
									"disabled": true
								}
							]
						},
						"url": {
							"raw": "http://localhost:9000/api/activity/activities-create",
							"protocol": "http",
							"host": [
								"localhost"
							],
							"port": "9000",
							"path": [
								"api",
								"activity",
								"activities-create"
							]
						}
					},
					"response": []
				},
				{
					"name": "New Request",
					"request": {
						"method": "GET",
						"header": []
					},
					"response": []
				},
				{
					"name": "http://localhost:9000/api/activity/activities-create",
					"event": [
						{
							"listen": "test",
							"script": {
								"exec": [
									"var template = `\r",
									"<style type=\"text/css\">\r",
									"    .tftable {font-size:14px;color:#333333;width:100%;border-width: 1px;border-color: #87ceeb;border-collapse: collapse;}\r",
									"    .tftable th {font-size:18px;background-color:#87ceeb;border-width: 1px;padding: 8px;border-style: solid;border-color: #87ceeb;text-align:left;}\r",
									"    .tftable tr {background-color:#ffffff;}\r",
									"    .tftable td {font-size:14px;border-width: 1px;padding: 8px;border-style: solid;border-color: #87ceeb;}\r",
									"    .tftable tr:hover {background-color:#e0ffff;}\r",
									"</style>\r",
									"\r",
									"<table class=\"tftable\" border=\"1\">\r",
									"    <tr>\r",
									"        <th>Error</th>\r",
									"    </tr>\r",
									"    <tr>\r",
									"        <td>{{response.error}}</td>\r",
									"    </tr>\r",
									"</table>\r",
									"`;\r",
									"\r",
									"function constructVisualizerPayload() {\r",
									"    return { response: pm.response.json() }\r",
									"}\r",
									"\r",
									"pm.visualizer.set(template, constructVisualizerPayload());"
								],
								"type": "text/javascript",
								"packages": {}
							}
						}
					],
					"request": {
						"auth": {
							"type": "bearer",
							"bearer": [
								{
									"key": "token",
									"value": "eyJhbGciOiJIUzI1NiIsInR5cCI6IkpXVCJ9.eyJ1c2VySWQiOiI3YTFhZDM2ZC03ZDI1LTQ0Y2UtOWFlOS01YTNjYWNkMzRmY2IiLCJlbWFpbCI6InByYWthc2hAZ21haWwuY29tIiwic2Vzc2lvbklkIjoiZTNlMWI1OGYtZWYwNy00YWVmLWI5OWQtYmUwNjk5Yzg5MzIyIiwiaWF0IjoxNzQxNzY2MTcwfQ.9a9ULZ7hDZAv0engh4Q77ZpKK_WDUjZb0M0pYxARz1Q",
									"type": "string"
								}
							]
						},
						"method": "POST",
						"header": [
							{
								"key": "Content-Type",
								"value": "multipart/form-data",
								"type": "text",
								"disabled": true
							}
						],
						"body": {
							"mode": "formdata",
							"formdata": [
								{
									"key": "",
									"value": "",
									"type": "text",
									"disabled": true
								},
								{
									"key": "guide_name",
									"value": "kunal prakash",
									"type": "text"
								},
								{
									"key": "guide_description",
									"value": "Experienced mountain guide",
									"type": "text"
								},
								{
									"key": "avatar",
									"type": "file",
									"src": "postman-cloud:///1ef71b13-9ea6-4f30-a754-ffe26a276cb7"
								},
								{
									"key": "banner_image",
									"type": "file",
									"src": "postman-cloud:///1ef71b13-9ea6-4f30-a754-ffe26a276cb7"
								},
								{
									"key": "gallery",
									"type": "file",
									"src": [
										"postman-cloud:///1eff42ba-f8cb-4520-b14d-68c296eee6c6",
										"postman-cloud:///1ef71b13-9ea6-4f30-a754-ffe26a276cb7",
										"postman-cloud:///1ef173f0-06e1-4e90-bd98-07db4158aace"
									]
								},
								{
									"key": "language",
									"value": "English,Hindi",
									"type": "text"
								},
								{
									"key": "price",
									"value": "150",
									"type": "text"
								},
								{
									"key": "description",
									"value": "exciting mountain adventure for all levels",
									"type": "text"
								},
								{
									"key": "categories",
									"value": "Outdoor",
									"type": "text"
								},
								{
									"key": "duration_of_activity",
									"value": "3 hours",
									"type": "text"
								},
								{
									"key": "level_of_activity",
									"value": "Easy",
									"type": "text"
								},
								{
									"key": "min_people",
									"value": "20",
									"type": "text"
								},
								{
									"key": "max_people",
									"value": "10",
									"type": "text"
								},
								{
									"key": "activity_include",
									"value": "Snacks, Guide, Equipment",
									"type": "text"
								},
								{
									"key": "activity_exclude",
									"value": "Accommodation",
									"type": "text"
								},
								{
									"key": "activity_highlight",
									"value": "Scenic views, Wildlife encounters",
									"type": "text"
								},
								{
									"key": "youtube_url",
									"value": "https://youtube.com/example",
									"type": "text"
								},
								{
									"key": "booking_period_start",
									"value": "2025-03-15",
									"type": "text"
								},
								{
									"key": "booking_period_end",
									"value": "2025-09-30",
									"type": "text"
								},
								{
									"key": "cancel_booking_deadline",
									"value": "2025-03-10",
									"type": "text"
								},
								{
									"key": "availability",
									"value": "2025-09-20",
									"type": "text"
								},
								{
									"key": "real_address",
									"value": "123 Mountain Road, Adventure City",
									"type": "text"
								},
								{
									"key": "map_latitude",
									"value": "37.7749",
									"type": "text"
								},
								{
									"key": "map_longitude",
									"value": "-122.4194",
									"type": "text"
								},
								{
									"key": "website",
									"value": "https://example.com",
									"type": "text"
								},
								{
									"key": "email",
									"value": "guide@example.com",
									"type": "text"
								},
								{
									"key": "phone",
									"value": "+1-234-567-8901",
									"type": "text"
								},
								{
									"key": "status",
									"value": "Active",
									"type": "text",
									"disabled": true
								},
								{
									"key": "created_by",
									"value": "PROVIDER",
									"type": "text",
									"disabled": true
								}
							]
						},
						"url": {
							"raw": "http://localhost:9000/api/activity/activities-create",
							"protocol": "http",
							"host": [
								"localhost"
							],
							"port": "9000",
							"path": [
								"api",
								"activity",
								"activities-create"
							]
						}
					},
					"response": []
				},
				{
					"name": "http://localhost:9000/api/activity/activities-create",
					"event": [
						{
							"listen": "test",
							"script": {
								"exec": [
									"var template = `\r",
									"<style type=\"text/css\">\r",
									"    .tftable {font-size:14px;color:#333333;width:100%;border-width: 1px;border-color: #87ceeb;border-collapse: collapse;}\r",
									"    .tftable th {font-size:18px;background-color:#87ceeb;border-width: 1px;padding: 8px;border-style: solid;border-color: #87ceeb;text-align:left;}\r",
									"    .tftable tr {background-color:#ffffff;}\r",
									"    .tftable td {font-size:14px;border-width: 1px;padding: 8px;border-style: solid;border-color: #87ceeb;}\r",
									"    .tftable tr:hover {background-color:#e0ffff;}\r",
									"</style>\r",
									"\r",
									"<table class=\"tftable\" border=\"1\">\r",
									"    <tr>\r",
									"        <th>Error</th>\r",
									"    </tr>\r",
									"    <tr>\r",
									"        <td>{{response.error}}</td>\r",
									"    </tr>\r",
									"</table>\r",
									"`;\r",
									"\r",
									"function constructVisualizerPayload() {\r",
									"    return { response: pm.response.json() }\r",
									"}\r",
									"\r",
									"pm.visualizer.set(template, constructVisualizerPayload());"
								],
								"type": "text/javascript",
								"packages": {}
							}
						}
					],
					"request": {
						"auth": {
							"type": "bearer",
							"bearer": [
								{
									"key": "token",
									"value": "eyJhbGciOiJIUzI1NiIsInR5cCI6IkpXVCJ9.eyJ1c2VySWQiOiI3YTFhZDM2ZC03ZDI1LTQ0Y2UtOWFlOS01YTNjYWNkMzRmY2IiLCJlbWFpbCI6InByYWthc2hAZ21haWwuY29tIiwic2Vzc2lvbklkIjoiZTNlMWI1OGYtZWYwNy00YWVmLWI5OWQtYmUwNjk5Yzg5MzIyIiwiaWF0IjoxNzQxNzY2MTcwfQ.9a9ULZ7hDZAv0engh4Q77ZpKK_WDUjZb0M0pYxARz1Q",
									"type": "string"
								}
							]
						},
						"method": "PUT",
						"header": [
							{
								"key": "Content-Type",
								"value": "multipart/form-data",
								"type": "text",
								"disabled": true
							}
						],
						"body": {
							"mode": "formdata",
							"formdata": [
								{
									"key": "",
									"value": "",
									"type": "text",
									"disabled": true
								},
								{
									"key": "guide_name",
									"value": "kunal prakash",
									"type": "text"
								},
								{
									"key": "guide_description",
									"value": "Experienced mountain guide",
									"type": "text"
								},
								{
									"key": "avatar",
									"type": "file",
									"src": "postman-cloud:///1ef71b13-9ea6-4f30-a754-ffe26a276cb7"
								},
								{
									"key": "banner_image",
									"type": "file",
									"src": "postman-cloud:///1ef71b13-9ea6-4f30-a754-ffe26a276cb7"
								},
								{
									"key": "gallery",
									"type": "file",
									"src": [
										"postman-cloud:///1eff42ba-f8cb-4520-b14d-68c296eee6c6",
										"postman-cloud:///1ef71b13-9ea6-4f30-a754-ffe26a276cb7",
										"postman-cloud:///1ef173f0-06e1-4e90-bd98-07db4158aace"
									]
								},
								{
									"key": "language",
									"value": "English,Hindi",
									"type": "text"
								},
								{
									"key": "price",
									"value": "150",
									"type": "text"
								},
								{
									"key": "description",
									"value": "exciting mountain adventure for all levels",
									"type": "text"
								},
								{
									"key": "categories",
									"value": "Trekking",
									"type": "text"
								},
								{
									"key": "duration_of_activity",
									"value": "3 hours",
									"type": "text"
								},
								{
									"key": "level_of_activity",
									"value": "Easy",
									"type": "text"
								},
								{
									"key": "min_people",
									"value": "20",
									"type": "text"
								},
								{
									"key": "max_people",
									"value": "10",
									"type": "text"
								},
								{
									"key": "activity_include",
									"value": "Snacks, Guide, Equipment",
									"type": "text"
								},
								{
									"key": "activity_exclude",
									"value": "Accommodation",
									"type": "text"
								},
								{
									"key": "activity_highlight",
									"value": "Scenic views, Wildlife encounters",
									"type": "text"
								},
								{
									"key": "youtube_url",
									"value": "https://youtube.com/example",
									"type": "text"
								},
								{
									"key": "booking_period_start",
									"value": "2025-03-15",
									"type": "text"
								},
								{
									"key": "booking_period_end",
									"value": "2025-09-30",
									"type": "text"
								},
								{
									"key": "cancel_booking_deadline",
									"value": "2025-03-10",
									"type": "text"
								},
								{
									"key": "availability",
									"value": "2025-09-20",
									"type": "text"
								},
								{
									"key": "real_address",
									"value": "123 Mountain Road, Adventure City",
									"type": "text"
								},
								{
									"key": "map_latitude",
									"value": "37.7749",
									"type": "text"
								},
								{
									"key": "map_longitude",
									"value": "-122.4194",
									"type": "text"
								},
								{
									"key": "website",
									"value": "https://example.com",
									"type": "text"
								},
								{
									"key": "email",
									"value": "guide@example.com",
									"type": "text"
								},
								{
									"key": "phone",
									"value": "+1-234-567-8901",
									"type": "text"
								},
								{
									"key": "status",
									"value": "Active",
									"type": "text",
									"disabled": true
								},
								{
									"key": "created_by",
									"value": "PROVIDER",
									"type": "text",
									"disabled": true
								}
							]
						},
						"url": {
							"raw": "http://localhost:9000/api/activity/activities/5e97723c-07c0-41bc-9f32-f08faff68989",
							"protocol": "http",
							"host": [
								"localhost"
							],
							"port": "9000",
							"path": [
								"api",
								"activity",
								"activities",
								"5e97723c-07c0-41bc-9f32-f08faff68989"
							]
						}
					},
					"response": []
				},
				{
					"name": "http://localhost:9000/api/activity/activities-create",
					"event": [
						{
							"listen": "test",
							"script": {
								"exec": [
									"var template = `\r",
									"<style type=\"text/css\">\r",
									"    .tftable {font-size:14px;color:#333333;width:100%;border-width: 1px;border-color: #87ceeb;border-collapse: collapse;}\r",
									"    .tftable th {font-size:18px;background-color:#87ceeb;border-width: 1px;padding: 8px;border-style: solid;border-color: #87ceeb;text-align:left;}\r",
									"    .tftable tr {background-color:#ffffff;}\r",
									"    .tftable td {font-size:14px;border-width: 1px;padding: 8px;border-style: solid;border-color: #87ceeb;}\r",
									"    .tftable tr:hover {background-color:#e0ffff;}\r",
									"</style>\r",
									"\r",
									"<table class=\"tftable\" border=\"1\">\r",
									"    <tr>\r",
									"        <th>Error</th>\r",
									"    </tr>\r",
									"    <tr>\r",
									"        <td>{{response.error}}</td>\r",
									"    </tr>\r",
									"</table>\r",
									"`;\r",
									"\r",
									"function constructVisualizerPayload() {\r",
									"    return { response: pm.response.json() }\r",
									"}\r",
									"\r",
									"pm.visualizer.set(template, constructVisualizerPayload());"
								],
								"type": "text/javascript",
								"packages": {}
							}
						}
					],
					"request": {
						"auth": {
							"type": "bearer",
							"bearer": [
								{
									"key": "token",
									"value": "eyJhbGciOiJIUzI1NiIsInR5cCI6IkpXVCJ9.eyJ1c2VySWQiOiI3YTFhZDM2ZC03ZDI1LTQ0Y2UtOWFlOS01YTNjYWNkMzRmY2IiLCJlbWFpbCI6InByYWthc2hAZ21haWwuY29tIiwic2Vzc2lvbklkIjoiZTNlMWI1OGYtZWYwNy00YWVmLWI5OWQtYmUwNjk5Yzg5MzIyIiwiaWF0IjoxNzQxNzY2MTcwfQ.9a9ULZ7hDZAv0engh4Q77ZpKK_WDUjZb0M0pYxARz1Q",
									"type": "string"
								}
							]
						},
						"method": "DELETE",
						"header": [
							{
								"key": "Content-Type",
								"value": "multipart/form-data",
								"type": "text",
								"disabled": true
							}
						],
						"body": {
							"mode": "formdata",
							"formdata": [
								{
									"key": "",
									"value": "",
									"type": "text",
									"disabled": true
								},
								{
									"key": "guide_name",
									"value": "kunal prakash",
									"type": "text"
								},
								{
									"key": "guide_description",
									"value": "Experienced mountain guide",
									"type": "text"
								},
								{
									"key": "avatar",
									"type": "file",
									"src": "postman-cloud:///1ef71b13-9ea6-4f30-a754-ffe26a276cb7"
								},
								{
									"key": "banner_image",
									"type": "file",
									"src": "postman-cloud:///1ef71b13-9ea6-4f30-a754-ffe26a276cb7"
								},
								{
									"key": "gallery",
									"type": "file",
									"src": [
										"postman-cloud:///1eff42ba-f8cb-4520-b14d-68c296eee6c6",
										"postman-cloud:///1ef71b13-9ea6-4f30-a754-ffe26a276cb7",
										"postman-cloud:///1ef173f0-06e1-4e90-bd98-07db4158aace"
									]
								},
								{
									"key": "language",
									"value": "English,Hindi",
									"type": "text"
								},
								{
									"key": "price",
									"value": "150",
									"type": "text"
								},
								{
									"key": "description",
									"value": "exciting mountain adventure for all levels",
									"type": "text"
								},
								{
									"key": "categories",
									"value": "Trekking",
									"type": "text"
								},
								{
									"key": "duration_of_activity",
									"value": "3 hours",
									"type": "text"
								},
								{
									"key": "level_of_activity",
									"value": "Easy",
									"type": "text"
								},
								{
									"key": "min_people",
									"value": "20",
									"type": "text"
								},
								{
									"key": "max_people",
									"value": "10",
									"type": "text"
								},
								{
									"key": "activity_include",
									"value": "Snacks, Guide, Equipment",
									"type": "text"
								},
								{
									"key": "activity_exclude",
									"value": "Accommodation",
									"type": "text"
								},
								{
									"key": "activity_highlight",
									"value": "Scenic views, Wildlife encounters",
									"type": "text"
								},
								{
									"key": "youtube_url",
									"value": "https://youtube.com/example",
									"type": "text"
								},
								{
									"key": "booking_period_start",
									"value": "2025-03-15",
									"type": "text"
								},
								{
									"key": "booking_period_end",
									"value": "2025-09-30",
									"type": "text"
								},
								{
									"key": "cancel_booking_deadline",
									"value": "2025-03-10",
									"type": "text"
								},
								{
									"key": "availability",
									"value": "2025-09-20",
									"type": "text"
								},
								{
									"key": "real_address",
									"value": "123 Mountain Road, Adventure City",
									"type": "text"
								},
								{
									"key": "map_latitude",
									"value": "37.7749",
									"type": "text"
								},
								{
									"key": "map_longitude",
									"value": "-122.4194",
									"type": "text"
								},
								{
									"key": "website",
									"value": "https://example.com",
									"type": "text"
								},
								{
									"key": "email",
									"value": "guide@example.com",
									"type": "text"
								},
								{
									"key": "phone",
									"value": "+1-234-567-8901",
									"type": "text"
								},
								{
									"key": "status",
									"value": "Active",
									"type": "text",
									"disabled": true
								},
								{
									"key": "created_by",
									"value": "PROVIDER",
									"type": "text",
									"disabled": true
								}
							]
						},
						"url": {
							"raw": "http://localhost:9000/api/activity/activities/5e97723c-07c0-41bc-9f32-f08faff68989",
							"protocol": "http",
							"host": [
								"localhost"
							],
							"port": "9000",
							"path": [
								"api",
								"activity",
								"activities",
								"5e97723c-07c0-41bc-9f32-f08faff68989"
							]
						}
					},
					"response": []
				},
				{
					"name": "http://localhost:9000/api/auth/register",
					"request": {
						"auth": {
							"type": "bearer",
							"bearer": [
								{
									"key": "token",
									"value": "eyJhbGciOiJIUzI1NiIsInR5cCI6IkpXVCJ9.eyJ1c2VySWQiOiI0ZmUzZDcwYS0yMDY1LTQxYWMtOTQ5Mi05ZGI3YTA2Mjk3MTIiLCJlbWFpbCI6InBAZ21haS5jb20iLCJzZXNzaW9uSWQiOiI1Y2U4ZGQxYS0zNThhLTQ3ZjctYmM0OS02MGQ1OWQxNWJiZWUiLCJpYXQiOjE3NDE3Njc4NDl9.4__4PE6822fgihGnOCDEc97gMtffJ3GxOOkbWAsZIIA",
									"type": "string"
								}
							]
						},
						"method": "PATCH",
						"header": [],
						"body": {
							"mode": "formdata",
							"formdata": [
								{
									"key": "guide_name",
									"value": "kunal ",
									"type": "text"
								},
								{
									"key": "guide_description",
									"value": "Experienced mountain guide",
									"type": "text"
								},
								{
									"key": "language",
									"value": "English,Hindi",
									"type": "text"
								},
								{
									"key": "price",
									"value": "150",
									"type": "text"
								},
								{
									"key": "description",
									"value": "exciting mountain adventure for all levels",
									"type": "text"
								},
								{
									"key": "categories",
									"value": "Outdoor",
									"type": "text",
									"disabled": true
								},
								{
									"key": "duration_of_activity",
									"value": "3 hours",
									"type": "text"
								},
								{
									"key": "level_of_activity",
									"value": "Easy",
									"type": "text"
								},
								{
									"key": "min_people",
									"value": "20",
									"type": "text"
								},
								{
									"key": "max_people",
									"value": "10",
									"type": "text"
								},
								{
									"key": "activity_include",
									"value": "Snacks, Guide, Equipment",
									"type": "text"
								},
								{
									"key": "activity_exclude",
									"value": "Accommodation",
									"type": "text"
								},
								{
									"key": "activity_highlight",
									"value": "Scenic views, Wildlife encounters",
									"type": "text"
								},
								{
									"key": "youtube_url",
									"value": "https://youtube.com/example",
									"type": "text"
								},
								{
									"key": "booking_period_start",
									"value": "2025-03-15",
									"type": "text"
								},
								{
									"key": "booking_period_end",
									"value": "2025-09-30",
									"type": "text"
								},
								{
									"key": "cancel_booking_deadline",
									"value": "2025-03-10",
									"type": "text"
								},
								{
									"key": "availability",
									"value": "2025-09-20",
									"type": "text"
								},
								{
									"key": "real_address",
									"value": "123 Mountain Road, Adventure City",
									"type": "text"
								},
								{
									"key": "map_latitude",
									"value": "37.7749",
									"type": "text"
								},
								{
									"key": "map_longitude",
									"value": "-122.4194",
									"type": "text"
								},
								{
									"key": "website",
									"value": "https://example.com",
									"type": "text"
								},
								{
									"key": "email",
									"value": "guide@example.com",
									"type": "text"
								},
								{
									"key": "phone",
									"value": "+1-234-567-8901",
									"type": "text"
								},
								{
									"key": "status",
									"value": "Active",
									"type": "text"
								},
								{
									"key": "created_by",
									"value": "PROVIDER",
									"type": "text",
									"disabled": true
								}
							]
						},
						"url": {
							"raw": "http://localhost:9000/api/admin/admin-activities-verify/f13b3c82-3a42-446b-a601-69c1fbb6738f",
							"protocol": "http",
							"host": [
								"localhost"
							],
							"port": "9000",
							"path": [
								"api",
								"admin",
								"admin-activities-verify",
								"f13b3c82-3a42-446b-a601-69c1fbb6738f"
							]
						}
					},
					"response": []
				},
				{
					"name": "New Request",
					"request": {
						"auth": {
							"type": "bearer",
							"bearer": [
								{
									"key": "token",
									"value": "eyJhbGciOiJIUzI1NiIsInR5cCI6IkpXVCJ9.eyJ1c2VySWQiOiI0ZmUzZDcwYS0yMDY1LTQxYWMtOTQ5Mi05ZGI3YTA2Mjk3MTIiLCJlbWFpbCI6InBAZ21haS5jb20iLCJzZXNzaW9uSWQiOiI1Y2U4ZGQxYS0zNThhLTQ3ZjctYmM0OS02MGQ1OWQxNWJiZWUiLCJpYXQiOjE3NDE3NzU0ODR9.cRK23kfgKTdFD30sua1d6gKXsphCnIk4RbJ6xbZISIc",
									"type": "string"
								}
							]
						},
						"method": "PATCH",
						"header": [
							{
								"key": "",
								"value": "",
								"type": "text"
							}
						],
						"body": {
							"mode": "formdata",
							"formdata": [
								{
									"key": "status",
									"value": "Active",
									"type": "text"
								},
								{
									"key": "guide_name",
									"value": "Prakash singh",
									"type": "text",
									"disabled": true
								}
							]
						},
						"url": {
							"raw": "http://localhost:9000/api/admin//admin-activities-verify/b424954b-4a8c-4613-b89b-4eb4d7561eba",
							"protocol": "http",
							"host": [
								"localhost"
							],
							"port": "9000",
							"path": [
								"api",
								"admin",
								"",
								"admin-activities-verify",
								"b424954b-4a8c-4613-b89b-4eb4d7561eba"
							]
						}
					},
					"response": []
				}
			]
		}
	]
}